-- phpMyAdmin SQL Dump
-- version 5.0.2
-- https://www.phpmyadmin.net/
--
-- Хост: 127.0.0.1
-- Время создания: Июл 07 2021 г., 09:39
-- Версия сервера: 10.4.14-MariaDB
-- Версия PHP: 7.4.9

SET SQL_MODE = "NO_AUTO_VALUE_ON_ZERO";
START TRANSACTION;
SET time_zone = "+00:00";


/*!40101 SET @OLD_CHARACTER_SET_CLIENT=@@CHARACTER_SET_CLIENT */;
/*!40101 SET @OLD_CHARACTER_SET_RESULTS=@@CHARACTER_SET_RESULTS */;
/*!40101 SET @OLD_COLLATION_CONNECTION=@@COLLATION_CONNECTION */;
/*!40101 SET NAMES utf8mb4 */;

--
-- База данных: `db13`
--

-- --------------------------------------------------------

--
-- Структура таблицы `actions`
--

CREATE TABLE `actions` (
  `id_action` int(11) NOT NULL COMMENT 'Идентификатор',
  `action_name` varchar(64) NOT NULL COMMENT 'Наименование'
) ENGINE=InnoDB DEFAULT CHARSET=utf8mb4;

--
-- Дамп данных таблицы `actions`
--

INSERT INTO `actions` (`id_action`, `action_name`) VALUES
(1, 'Авторизация'),
(2, 'Деавторизация');

-- --------------------------------------------------------

--
-- Структура таблицы `cell_number`
--

CREATE TABLE `cell_number` (
  `Cell_ID` int(11) NOT NULL,
  `Cell_number` varchar(255) DEFAULT NULL
) ENGINE=MyISAM DEFAULT CHARSET=utf8;

--
-- Дамп данных таблицы `cell_number`
--

INSERT INTO `cell_number` (`Cell_ID`, `Cell_number`) VALUES
(1, '100'),
(2, '77'),
(3, '103'),
(4, '132'),
(5, '118');

-- --------------------------------------------------------

--
-- Структура таблицы `client`
--

CREATE TABLE `client` (
  `Client_ID` int(11) NOT NULL,
  `Surname_of_client` varchar(20) DEFAULT NULL,
  `Name_of_client` varchar(20) DEFAULT NULL,
  `Middle_name_of_client` varchar(20) DEFAULT NULL,
  `Phone_number_of_client` varchar(20) DEFAULT NULL
) ENGINE=MyISAM DEFAULT CHARSET=utf8;

--
-- Дамп данных таблицы `client`
--

INSERT INTO `client` (`Client_ID`, `Surname_of_client`, `Name_of_client`, `Middle_name_of_client`, `Phone_number_of_client`) VALUES
(1, 'Акимов', 'Денис', 'Игоревич', '89339425217'),
(2, 'Сонин', 'Олег', 'Дмитриевич', '89251661210'),
(3, 'Пеньков', 'Сергей', 'Сергеевич', '89093531106'),
(4, 'Мамедов', 'Искандер', 'Искандерович', '8900009009');

-- --------------------------------------------------------

--
-- Структура таблицы `country`
--

CREATE TABLE `country` (
  `Country_ID` int(11) NOT NULL,
  `Name_of_the_country` varchar(20) DEFAULT NULL
) ENGINE=MyISAM DEFAULT CHARSET=utf8;

--
-- Дамп данных таблицы `country`
--

INSERT INTO `country` (`Country_ID`, `Name_of_the_country`) VALUES
(1, 'Россия'),
(2, 'Китай'),
(3, 'Германия'),
(4, 'Япония');

-- --------------------------------------------------------

--
-- Структура таблицы `defect`
--

CREATE TABLE `defect` (
  `Defect_ID` int(11) NOT NULL,
  `Description_of_defect` varchar(20) DEFAULT NULL,
  `Supply_ID` int(11) DEFAULT NULL
) ENGINE=MyISAM DEFAULT CHARSET=utf8;

--
-- Дамп данных таблицы `defect`
--

INSERT INTO `defect` (`Defect_ID`, `Description_of_defect`, `Supply_ID`) VALUES
(1, 'Потертость', 1),
(2, 'Битый товар', 4),
(3, 'Гнутый товар', 3),
(4, 'Гнутый товар', 2);

-- --------------------------------------------------------

--
-- Структура таблицы `dolznost`
--

CREATE TABLE `dolznost` (
  `id_dolznost` int(11) NOT NULL,
  `dolzhnost_name` varchar(18) NOT NULL,
  `salary` decimal(19,4) DEFAULT 0.0000
) ENGINE=MyISAM DEFAULT CHARSET=utf8;

--
-- Дамп данных таблицы `dolznost`
--

INSERT INTO `dolznost` (`id_dolznost`, `dolzhnost_name`, `salary`) VALUES
(1, 'Продавец', '45000.0000'),
(2, 'Менеджер', '60000.0000'),
(3, 'Бухгалтер', '80000.0000'),
(4, 'Охранник', '45000.0000');

-- --------------------------------------------------------

--
-- Структура таблицы `employees`
--

CREATE TABLE `employees` (
  `id_employee` int(11) NOT NULL COMMENT 'идентификатор',
  `first_name` varchar(32) NOT NULL,
  `last_name` varchar(32) NOT NULL,
  `mid_name` varchar(32) DEFAULT NULL,
  `passport_data` varchar(11) NOT NULL,
  `id_dolznost` int(11) NOT NULL,
  `id_gender` int(11) NOT NULL,
  `phone_number_employee` varchar(11) NOT NULL
) ENGINE=InnoDB DEFAULT CHARSET=utf8mb4;

--
-- Дамп данных таблицы `employees`
--

INSERT INTO `employees` (`id_employee`, `first_name`, `last_name`, `mid_name`, `passport_data`, `id_dolznost`, `id_gender`, `phone_number_employee`) VALUES
(1, 'Олег', 'Магамедов ', 'Денисович', '4516 805375', 0, 0, '89775267452'),
(2, 'Алиса', 'Завьялова', 'Александровна', '4516 457246', 0, 0, '89770977462'),
(5, 'Алексей', 'Звеньцев', 'Макарович', '4515 778528', 0, 0, '89776654352');

-- --------------------------------------------------------

--
-- Структура таблицы `groups`
--

CREATE TABLE `groups` (
  `id_groups` int(11) NOT NULL COMMENT 'идентификатор',
  `group_name` varchar(32) NOT NULL COMMENT 'Наименование'
) ENGINE=InnoDB DEFAULT CHARSET=utf8mb4;

--
-- Дамп данных таблицы `groups`
--

INSERT INTO `groups` (`id_groups`, `group_name`) VALUES
(1, 'admin'),
(2, 'administration'),
(3, 'accountance'),
(4, 'hr'),
(5, 'sales department'),
(6, 'supply division');

-- --------------------------------------------------------

--
-- Структура таблицы `logs`
--

CREATE TABLE `logs` (
  `id_log` int(11) NOT NULL COMMENT 'Идентификатор',
  `id_action` int(11) NOT NULL COMMENT 'Ключ действия',
  `id_user` int(11) NOT NULL COMMENT 'Ключ пользователя',
  `log_datetime` timestamp NOT NULL DEFAULT current_timestamp() COMMENT 'Дата и время действия'
) ENGINE=InnoDB DEFAULT CHARSET=utf8mb4;

--
-- Дамп данных таблицы `logs`
--

INSERT INTO `logs` (`id_log`, `id_action`, `id_user`, `log_datetime`) VALUES
(1, 1, 2, '2020-11-09 07:40:33'),
(2, 1, 1, '2020-11-09 07:45:25'),
(3, 1, 1, '2020-11-09 07:48:46'),
(4, 1, 1, '2020-11-09 08:40:50'),
(5, 1, 1, '2020-11-09 08:43:09'),
(6, 1, 1, '2020-11-09 08:47:00'),
(7, 1, 1, '2020-11-09 08:49:20'),
(8, 1, 1, '2020-11-09 08:53:43'),
(9, 1, 1, '2020-11-09 08:55:52'),
(10, 1, 1, '2020-11-09 08:57:58'),
(11, 1, 1, '2020-11-09 09:01:21'),
(12, 1, 1, '2020-11-09 09:02:34'),
(13, 1, 1, '2020-11-09 09:04:54'),
(14, 1, 1, '2020-11-09 09:08:49'),
(15, 1, 1, '2020-11-09 09:11:13'),
(16, 1, 1, '2020-11-09 09:14:40'),
(17, 1, 1, '2020-11-09 09:15:18'),
(18, 1, 1, '2020-11-09 09:33:20'),
(19, 1, 1, '2020-11-09 09:34:35'),
(20, 1, 1, '2020-12-06 08:36:01'),
(21, 1, 1, '2020-12-06 08:39:42'),
(22, 1, 1, '2020-12-06 08:42:43'),
(23, 1, 1, '2020-12-06 08:45:40'),
(24, 1, 1, '2020-12-08 09:49:31'),
(25, 1, 1, '2020-12-08 10:05:11'),
(26, 1, 1, '2020-12-08 10:07:32'),
(27, 1, 1, '2020-12-08 10:11:07'),
(28, 1, 1, '2020-12-08 10:14:48'),
(29, 1, 1, '2020-12-08 10:17:02'),
(30, 1, 1, '2020-12-08 10:18:40'),
(31, 1, 1, '2020-12-08 10:24:00'),
(32, 1, 1, '2020-12-08 10:26:40'),
(33, 1, 1, '2020-12-08 10:28:23'),
(34, 1, 1, '2020-12-08 10:30:34'),
(35, 1, 1, '2020-12-08 15:44:29'),
(36, 1, 1, '2020-12-08 15:46:44'),
(37, 1, 1, '2020-12-08 17:00:35'),
(38, 1, 1, '2020-12-08 17:02:49'),
(39, 1, 1, '2020-12-08 17:07:00'),
(40, 1, 1, '2020-12-08 17:08:30'),
(41, 1, 1, '2020-12-08 17:09:35'),
(42, 1, 1, '2020-12-08 17:12:46'),
(43, 1, 1, '2020-12-08 17:17:18'),
(44, 1, 1, '2020-12-08 17:27:47'),
(45, 1, 1, '2020-12-08 17:37:32'),
(46, 1, 1, '2020-12-08 17:42:42'),
(47, 1, 1, '2020-12-08 17:43:22'),
(48, 1, 1, '2020-12-08 17:45:03'),
(49, 1, 1, '2020-12-08 17:46:47'),
(50, 1, 1, '2020-12-08 17:47:31'),
(51, 1, 1, '2020-12-08 17:53:20'),
(52, 1, 1, '2020-12-08 17:58:53'),
(53, 1, 1, '2020-12-08 18:01:03'),
(54, 1, 1, '2020-12-08 18:02:58'),
(55, 1, 1, '2020-12-08 18:04:44'),
(56, 1, 1, '2020-12-08 18:10:12'),
(57, 1, 1, '2020-12-08 18:11:54'),
(58, 1, 1, '2020-12-08 18:17:48'),
(59, 1, 1, '2020-12-08 18:24:13'),
(60, 1, 1, '2020-12-08 18:26:16'),
(61, 1, 1, '2020-12-08 18:31:04'),
(62, 1, 3, '2020-12-14 21:51:18'),
(63, 1, 3, '2020-12-14 21:53:39'),
(64, 1, 3, '2020-12-14 21:59:33'),
(65, 1, 3, '2020-12-14 22:02:49'),
(66, 1, 3, '2020-12-14 22:04:33'),
(67, 1, 3, '2020-12-15 08:08:32'),
(68, 1, 1, '2020-12-15 08:09:27'),
(69, 1, 1, '2020-12-15 10:35:05'),
(70, 1, 1, '2020-12-15 10:36:08'),
(71, 1, 1, '2020-12-15 10:52:25'),
(72, 1, 1, '2020-12-15 10:53:49'),
(73, 1, 1, '2020-12-15 10:54:43'),
(74, 1, 1, '2020-12-15 10:56:28'),
(75, 1, 1, '2020-12-15 11:04:44'),
(76, 1, 1, '2020-12-15 11:11:31'),
(77, 1, 1, '2020-12-16 09:12:15'),
(78, 1, 1, '2020-12-16 09:13:58'),
(79, 1, 1, '2020-12-16 09:23:48'),
(80, 1, 1, '2020-12-16 09:24:34'),
(81, 1, 1, '2020-12-16 10:54:31'),
(82, 1, 1, '2020-12-16 11:02:15'),
(83, 1, 1, '2020-12-16 11:03:15'),
(84, 1, 1, '2020-12-16 11:04:49'),
(85, 1, 1, '2020-12-16 11:07:37'),
(86, 1, 1, '2020-12-16 11:09:31'),
(87, 1, 1, '2020-12-16 11:16:29'),
(88, 1, 1, '2020-12-16 11:19:06'),
(89, 1, 1, '2020-12-16 11:32:31'),
(90, 1, 1, '2020-12-16 11:36:12'),
(91, 1, 1, '2020-12-16 11:37:10'),
(92, 1, 1, '2020-12-16 11:38:43'),
(93, 1, 1, '2020-12-16 11:39:34'),
(94, 1, 1, '2020-12-16 11:50:23'),
(95, 1, 1, '2020-12-16 11:55:32'),
(96, 1, 1, '2020-12-16 12:00:58'),
(97, 1, 1, '2020-12-16 12:14:07'),
(98, 1, 1, '2020-12-16 12:16:41'),
(99, 1, 1, '2020-12-16 12:47:36'),
(100, 1, 1, '2020-12-16 12:48:03'),
(101, 1, 3, '2020-12-16 12:48:35'),
(102, 1, 1, '2020-12-16 12:53:22'),
(103, 1, 1, '2020-12-16 12:55:32'),
(104, 1, 1, '2020-12-18 07:19:47'),
(105, 1, 1, '2020-12-18 07:41:11'),
(106, 1, 1, '2020-12-18 07:42:46'),
(107, 1, 1, '2020-12-19 18:04:24'),
(108, 1, 1, '2020-12-19 18:05:09'),
(109, 1, 1, '2020-12-19 18:06:07'),
(110, 1, 1, '2020-12-19 18:13:54'),
(111, 1, 1, '2020-12-19 18:19:05'),
(112, 1, 1, '2020-12-19 18:20:09'),
(113, 1, 1, '2020-12-19 18:21:58'),
(114, 1, 1, '2020-12-19 18:27:53'),
(115, 1, 1, '2020-12-19 18:28:30'),
(116, 1, 1, '2020-12-19 18:29:22'),
(117, 1, 1, '2020-12-19 18:34:03'),
(118, 1, 1, '2020-12-19 18:36:17'),
(119, 1, 1, '2020-12-19 18:36:55'),
(120, 1, 1, '2020-12-19 18:38:19'),
(121, 1, 1, '2020-12-19 18:46:37'),
(122, 1, 1, '2020-12-19 18:56:15'),
(123, 1, 1, '2020-12-20 12:14:07'),
(124, 1, 1, '2020-12-20 12:16:45'),
(125, 1, 1, '2020-12-20 12:17:35'),
(126, 1, 1, '2020-12-20 12:19:50'),
(127, 1, 1, '2020-12-20 12:21:14'),
(128, 1, 1, '2020-12-20 12:21:57'),
(129, 1, 1, '2020-12-20 13:06:20'),
(130, 1, 1, '2020-12-20 13:09:23'),
(131, 1, 1, '2020-12-20 13:17:24'),
(132, 1, 1, '2020-12-20 13:27:02'),
(133, 1, 1, '2020-12-20 14:46:34'),
(134, 1, 1, '2020-12-20 14:51:02'),
(135, 1, 1, '2020-12-20 14:54:12'),
(136, 1, 1, '2020-12-20 14:56:27'),
(137, 1, 1, '2020-12-20 14:56:43'),
(138, 1, 1, '2020-12-20 15:56:46'),
(139, 1, 1, '2020-12-20 16:00:32'),
(140, 1, 1, '2020-12-20 16:02:47'),
(141, 1, 1, '2020-12-20 16:05:29'),
(142, 1, 1, '2020-12-20 16:06:56'),
(143, 1, 1, '2020-12-20 16:45:23'),
(144, 1, 1, '2020-12-20 16:49:24'),
(145, 1, 1, '2020-12-20 16:51:52'),
(146, 1, 1, '2020-12-20 16:53:24'),
(147, 1, 1, '2020-12-20 16:56:35'),
(148, 1, 1, '2020-12-20 17:05:41'),
(149, 1, 1, '2020-12-20 18:11:44'),
(150, 1, 1, '2020-12-20 18:33:45'),
(151, 1, 1, '2020-12-20 18:36:04'),
(152, 1, 1, '2020-12-20 18:45:46'),
(153, 1, 1, '2020-12-20 18:48:36'),
(154, 1, 1, '2020-12-20 18:51:06'),
(155, 1, 1, '2020-12-20 18:52:59'),
(156, 1, 1, '2020-12-20 18:55:09'),
(157, 1, 1, '2020-12-20 18:56:39'),
(158, 1, 1, '2020-12-20 18:58:47'),
(159, 1, 1, '2020-12-20 19:00:34'),
(160, 1, 1, '2020-12-20 19:06:57'),
(161, 1, 1, '2020-12-20 19:09:16'),
(162, 1, 1, '2020-12-20 19:10:49'),
(163, 1, 1, '2020-12-20 19:21:01'),
(164, 1, 1, '2020-12-20 20:05:54'),
(165, 1, 1, '2020-12-20 20:08:14'),
(166, 1, 1, '2020-12-20 20:08:45'),
(167, 1, 1, '2020-12-20 20:09:58'),
(168, 1, 1, '2020-12-20 20:10:14'),
(169, 1, 1, '2020-12-20 20:11:42'),
(170, 1, 1, '2020-12-20 20:18:16'),
(171, 1, 1, '2020-12-20 20:19:15'),
(172, 1, 1, '2020-12-20 20:20:34'),
(173, 1, 1, '2020-12-20 20:46:51'),
(174, 1, 1, '2020-12-20 20:48:28'),
(175, 1, 1, '2020-12-20 20:49:19'),
(176, 1, 1, '2020-12-20 21:23:40'),
(177, 1, 1, '2020-12-20 21:26:00'),
(178, 1, 1, '2020-12-20 21:27:21'),
(179, 1, 1, '2020-12-20 21:29:41'),
(180, 1, 1, '2020-12-20 21:33:18'),
(181, 1, 1, '2020-12-20 21:47:48'),
(182, 1, 1, '2020-12-20 21:50:33'),
(183, 1, 1, '2020-12-20 21:53:02'),
(184, 1, 1, '2020-12-20 21:54:18'),
(185, 1, 1, '2020-12-20 21:56:11'),
(186, 1, 1, '2020-12-20 21:59:49'),
(187, 1, 1, '2020-12-20 22:01:04');

-- --------------------------------------------------------

--
-- Структура таблицы `product_range`
--

CREATE TABLE `product_range` (
  `Product_ID` int(11) NOT NULL,
  `Product_name` varchar(255) DEFAULT NULL,
  `Spare_part_ID` int(11) DEFAULT NULL,
  `Product_price` varchar(255) DEFAULT NULL
) ENGINE=MyISAM DEFAULT CHARSET=utf8;

--
-- Дамп данных таблицы `product_range`
--

INSERT INTO `product_range` (`Product_ID`, `Product_name`, `Spare_part_ID`, `Product_price`) VALUES
(1, 'Генератор бензинный 6500 КВт', 1, '35000'),
(2, 'Приводной вал TOYOTA 4 RUNNER GDHG288', 4, '5590'),
(3, 'Передний тормозной диск TOYOTA RAV4 242798390', 2, '3250'),
(4, 'Маховик АКПП Toyota 3SGE', 3, '4500');

-- --------------------------------------------------------

--
-- Структура таблицы `reset_requests`
--

CREATE TABLE `reset_requests` (
  `id_request` int(11) NOT NULL COMMENT 'Идентификатор',
  `id_user` int(11) NOT NULL COMMENT 'Ключ пользователя',
  `time` timestamp NOT NULL DEFAULT current_timestamp() ON UPDATE current_timestamp() COMMENT 'Время создания заявки'
) ENGINE=InnoDB DEFAULT CHARSET=utf8mb4;

--
-- Дамп данных таблицы `reset_requests`
--

INSERT INTO `reset_requests` (`id_request`, `id_user`, `time`) VALUES
(9, 6, '2020-12-20 14:45:57'),
(14, 3, '2020-12-20 21:40:22');

-- --------------------------------------------------------

--
-- Структура таблицы `sale`
--

CREATE TABLE `sale` (
  `Sale_ID` int(11) NOT NULL,
  `Sale_amount` decimal(19,4) DEFAULT 0.0000,
  `Number_of_units` varchar(18) DEFAULT NULL,
  `Date_of_sale` datetime DEFAULT NULL,
  `Client_ID` int(11) DEFAULT NULL,
  `Warehouse_ID` int(11) DEFAULT NULL,
  `id_employee` int(11) NOT NULL,
  `Discount_amount` decimal(19,4) DEFAULT 0.0000
) ENGINE=MyISAM DEFAULT CHARSET=utf8;

--
-- Дамп данных таблицы `sale`
--

INSERT INTO `sale` (`Sale_ID`, `Sale_amount`, `Number_of_units`, `Date_of_sale`, `Client_ID`, `Warehouse_ID`, `id_employee`, `Discount_amount`) VALUES
(1, '35000.0000', '1', '2020-05-19 00:00:00', 1, 1, 0, '0.0000'),
(2, '4500.0000', '1', '2020-05-19 00:00:00', 4, 2, 0, '0.0000'),
(3, '5590.0000', '1', '2020-05-19 00:00:00', 3, 3, 0, '0.0000'),
(4, '3250.0000', '1', '2020-05-18 00:00:00', 2, 4, 0, '0.0000');

-- --------------------------------------------------------

--
-- Структура таблицы `spare_part`
--

CREATE TABLE `spare_part` (
  `Spare_part_ID` int(11) NOT NULL,
  `Type_of_spare_part` varchar(255) DEFAULT NULL
) ENGINE=MyISAM DEFAULT CHARSET=utf8;

--
-- Дамп данных таблицы `spare_part`
--

INSERT INTO `spare_part` (`Spare_part_ID`, `Type_of_spare_part`) VALUES
(1, 'Генератор'),
(2, 'Тормозные диски'),
(3, 'Маховик'),
(4, 'Приводной вал');

-- --------------------------------------------------------

--
-- Структура таблицы `supplier`
--

CREATE TABLE `supplier` (
  `Supplier_ID` int(11) NOT NULL,
  `Supplier_name` varchar(20) DEFAULT NULL,
  `Country_ID` int(11) DEFAULT NULL,
  `Supplier_category_ID` int(11) DEFAULT NULL
) ENGINE=MyISAM DEFAULT CHARSET=utf8;

--
-- Дамп данных таблицы `supplier`
--

INSERT INTO `supplier` (`Supplier_ID`, `Supplier_name`, `Country_ID`, `Supplier_category_ID`) VALUES
(1, 'A-Egineering', 4, 1),
(2, 'ABS', 4, 1),
(3, 'BAW', 4, 1),
(4, 'AYROD OTOMOTIV', 4, 1),
(5, 'Автокуп', 1, 3);

-- --------------------------------------------------------

--
-- Структура таблицы `supplier_category`
--

CREATE TABLE `supplier_category` (
  `Supplier_category_ID` int(11) NOT NULL,
  `Name_of_category` varchar(20) DEFAULT NULL
) ENGINE=MyISAM DEFAULT CHARSET=utf8;

--
-- Дамп данных таблицы `supplier_category`
--

INSERT INTO `supplier_category` (`Supplier_category_ID`, `Name_of_category`) VALUES
(1, 'Фирма'),
(2, 'Дилер'),
(3, 'Магазин'),
(4, 'Мелкое производство');

-- --------------------------------------------------------

--
-- Структура таблицы `supply`
--

CREATE TABLE `supply` (
  `Supply_ID` int(11) NOT NULL,
  `Quantity_of_product` int(11) DEFAULT NULL,
  `Supply_cost` decimal(19,4) DEFAULT NULL,
  `Order_date` datetime DEFAULT NULL,
  `Supplier_ID` int(11) DEFAULT NULL,
  `Product_ID` int(11) DEFAULT NULL
) ENGINE=MyISAM DEFAULT CHARSET=utf8;

--
-- Дамп данных таблицы `supply`
--

INSERT INTO `supply` (`Supply_ID`, `Quantity_of_product`, `Supply_cost`, `Order_date`, `Supplier_ID`, `Product_ID`) VALUES
(1, 1, '35000.0000', '2020-04-16 00:00:00', 5, 1),
(2, 1, '4500.0000', '2020-05-01 00:00:00', 5, 4),
(3, 1, '5590.0000', '2020-04-22 00:00:00', 5, 3),
(4, 5, '2000.0000', '0000-00-00 00:00:00', 3, 4);

-- --------------------------------------------------------

--
-- Структура таблицы `tokens`
--

CREATE TABLE `tokens` (
  `id_token` int(11) NOT NULL COMMENT 'Идентификатор',
  `id_user` int(11) NOT NULL COMMENT 'Ключ пользователя',
  `token` varchar(64) NOT NULL COMMENT 'Ключ безопасности',
  `token_datetime` timestamp NOT NULL DEFAULT current_timestamp() COMMENT 'Дата и время создания ключа',
  `deactivated` int(11) DEFAULT NULL COMMENT 'Ключ отключен'
) ENGINE=InnoDB DEFAULT CHARSET=utf8mb4;

--
-- Дамп данных таблицы `tokens`
--

INSERT INTO `tokens` (`id_token`, `id_user`, `token`, `token_datetime`, `deactivated`) VALUES
(1, 2, 'Q3RPXIIP0QKD9HR6KL3NGRN138CDTAF0QNW6V8BYO8BZIOS9317DU6P9PZVYGE50', '2020-11-09 07:40:33', NULL),
(2, 1, 'JL2WCVKNK05OX9Y6OOYKBGMHOQQ5FM3ZBNYIQ3HHT5HZVJ9LJC2L1FTD9UHWEPI7', '2020-11-09 07:45:25', NULL),
(3, 1, 'GRKTH5RBV3YXG351R345ZS1PYJ3XXV439WYR1OODIZ1I56KJ6R2QU6NYZ557C3NA', '2020-11-09 07:48:45', NULL),
(4, 1, '2UC3ME2L4QOK6K3B2JV0YOCUHDLQ9B1ITINVBEJKDN5NS0D01LKFAOGNRRWJ3LM2', '2020-11-09 08:40:50', NULL),
(5, 1, '2HKIR50EAUWN0KSX4K69PY553A5Y3JE0UT5EM3MBMKN8O7BHV6X0Z22ELPORACL1', '2020-11-09 08:43:08', NULL),
(6, 1, '6X75O6U33WPX0JHFTCKHUUJA5TRHTGFUTVRNRH1VU511MR1PIIN8ILILO795PMKW', '2020-11-09 08:47:00', NULL),
(7, 1, 'RT9Q4DNQE2KZ7RUU2612OWOYBJZNC8SW4IXF3C3VMF9TRNQ5V8Y05XI4FKOVO9NF', '2020-11-09 08:49:19', NULL),
(8, 1, 'LPLWWJBS0YIBZKDYTBGUGS6W4R8A2BNRDV6XWKR2VQHLF5TVQFG2OSY3SZ2FLAZY', '2020-11-09 08:53:43', NULL),
(9, 1, '57QCZT0E18TRGXD8CYMRLCUQ4KMKRJH4K7TLKPHZMSU5X3YB7Q54GAN3NAIOGQWR', '2020-11-09 08:55:52', NULL),
(10, 1, 'KC9ZXDUVJXTZXTZ6YROPL5X8NJXPIFR81UCJBG1BIHCPAZS6NSQYYHQPOAMOQEND', '2020-11-09 08:57:58', NULL),
(11, 1, 'AND4BCQB9TIKQU3U5BZ23FYN9GRBEKVK8KFQH4DX7VLL8W5WO0GWWAZ4Z055UO6Y', '2020-11-09 09:01:21', NULL),
(12, 1, 'NV4KZCU8FGCQ6X09KF4WNI9U0JZBHEJ7BWZUJ0XP56U4E0ZZVM1SCOIFVKUPNS0A', '2020-11-09 09:02:34', NULL),
(13, 1, 'CVBC9V7GVBOFGUCAJ0DR0UNZ1QPB29024Y7XIAECZRML2T8A41UAOAORILKSF6OV', '2020-11-09 09:04:54', NULL),
(14, 1, 'XMTCL5AUCGK9MDPCRG4JND12F9ANZLYMPB8RVD3Q9FZEACCB6875S4SUV17M5X51', '2020-11-09 09:08:49', NULL),
(15, 1, 'NBCKF0AG4G776I6NIBLCZLJY6XMNP7TL1AC1HAI347OL6I4R5R6S4L8C2OORNX16', '2020-11-09 09:11:13', NULL),
(16, 1, 'I7VZMOLHFW842BO11PWPFRPXKXP0ED0IIDC1WIVEY1UML1TN5YX69OW1R7PY9UCB', '2020-11-09 09:14:40', NULL),
(17, 1, 'D3ONDE30RL19E03LG7TYGV6QXMI3VNP81ALCQTGS6HY8M9I16DUFXFNS77Z06AED', '2020-11-09 09:15:18', NULL),
(18, 1, 'Y8PPEWNSNYECL2XBUW6WQR90YMCJ9KA610R2O8OJ4FQM81OPCSP9HXJH8Z02UETD', '2020-11-09 09:33:20', NULL),
(19, 1, '6U3C1ICJULVXYJYP2J9BRC2CJN7WDLGGKHOL27Q2Q9ZE37XTNI8AVAC3103OLQGI', '2020-11-09 09:34:33', NULL),
(20, 1, 'VIFUCE6XCL5UYANF8ETNBNB3ZD76OU91ZGMW9FPRB9Z68ALVD0RHD2OHHM59GAJS', '2020-12-06 08:36:01', NULL),
(21, 1, 'RT9W78QHIJXK5ZXWM3TZ478TRS2XGGLQUUW9JCZ8PF4LHO26DABSD8ZTVQEOF2BB', '2020-12-06 08:39:42', NULL),
(22, 1, 'X7B48FWX3HQ195F0B7L2W0VEQOGKHI1ULQPCBDOHICPDIO2W2PI6OXS7M7NT8LQU', '2020-12-06 08:42:41', NULL),
(23, 1, '79FR4LXE2YVUTQXXKSPG7ZAKLKX6XKBUSINO5CX8MSLE1TA5DHS5V7VI84GTX0QS', '2020-12-06 08:45:40', NULL),
(24, 1, '6MS4P3217R614PTP5WVIA20DKUHXEVY679DQDWTITK5PZ7GQE42FME4DWOU5WEXM', '2020-12-08 09:49:31', NULL),
(25, 1, 'I95JG9RY5FSF71TID0U7VPHMBWSCNM0LTGOE6FNLSC3VL7VF3547C9O32SITROLT', '2020-12-08 10:05:11', NULL),
(26, 1, '0VVTQAXP6LGRSHKQGM1NQGMXCU9SDD119F3B969PF6UDJR33TCMUG0SUI7R6AFM2', '2020-12-08 10:07:32', NULL),
(27, 1, 'AUXW2EJ06XKSE12YU8CQ6P6B33XR0XA2W2V2ZOPXO3W292I25EGWIWHUYW29Q1AJ', '2020-12-08 10:11:06', NULL),
(28, 1, 'OVAB0ZF90MHPKXGBXLYRNB7PK5ABERX4X957TG9YNXIIOGWROJ0YL8ANXU15YE5J', '2020-12-08 10:14:48', NULL),
(29, 1, 'GJZR276NZC0AVXN1BPTOMOCT9F156M31W9GSXBVF2BXA4GJ5SDKFOK91HFRXGBQN', '2020-12-08 10:17:01', NULL),
(30, 1, 'MPE6SB3O86BFRN8MS6L6JZAX8WLH4CHFFZ756QNS8F0PMASFVNFDK5IXPR76ZWU5', '2020-12-08 10:18:40', NULL),
(31, 1, '6PAF2PKGJPNV8YGOZJZ124QM8DDI6Y81HQ8KV8NUN8QCC5Z2D1WR0ZWB9XHYLBJU', '2020-12-08 10:23:59', NULL),
(32, 1, '2IET4PFJNGCM1OLXEX5LJ55LXOUYNYG1RLFAWESG1D4KFA711IZH4RU6N35Q4R5Y', '2020-12-08 10:26:40', NULL),
(33, 1, 'OD2TX1XVZXS27TZU7N673BW839Z40LPNJ0KGIELNSR22K77SCZP2IMEMQ30XB34N', '2020-12-08 10:28:23', NULL),
(34, 1, 'CKSYSRCFESQ3ZDE2XLLO6VPSOX2PEFSQT6A8DRQRHKZMSZB3X07ZP08Q5AJ4YWB9', '2020-12-08 10:30:34', NULL),
(35, 1, 'HU7SMB5ERAIC77M12DH7IBP63DN222Z3SFT665OANCR4DNH2JNQWJW9GFBZJYCMZ', '2020-12-08 15:44:28', NULL),
(36, 1, '3J4IBTQR726CAWZXYZ5GYIEAYZ6KQFHHO96YA5T5AWO3826BS93CM3LVF4UMXFA2', '2020-12-08 15:46:44', NULL),
(37, 1, 'RARKXHR0A8BD8UM0MCXXJU9AHMXT1KXM1O1J3HUFH2V7ML6L5E1H2P26BRDLU79Z', '2020-12-08 17:00:35', NULL),
(38, 1, 'JN9OIMI4567WFT0VMS3JK68ZXE98QA8Y6OYZQQXVYLVMXMASEMEXDOFNPJ0DMJO5', '2020-12-08 17:02:49', NULL),
(39, 1, 'AGKZXUIOLVIMEXR424QFLW8987AKYIHJ814JKBIRRSNEJHWPPSJMYEKOHL0ZU7ZC', '2020-12-08 17:07:00', NULL),
(40, 1, 'I1KVCNDXW0KS63SFC89HAC2JLIBUT32XKHKX7RE4QFVYUBJ9S8TPU5SG8BK4MSD2', '2020-12-08 17:08:30', NULL),
(41, 1, 'J533ZON7IUO3BRPNZW85EQJ2BW19TXJAETJJLCH9J9AJV1LZKY8687Y2VA1DWONU', '2020-12-08 17:09:35', NULL),
(42, 1, 'RX24GX5FHTNA0IT63CXOOSHHL2I57YAP05FLVKAJT6OHU0QSWCCVV3P9PVTOOAHS', '2020-12-08 17:12:46', NULL),
(43, 1, 'F35YX3FYB6B1FTGLEL6XJ6L3BOT7QSARB6M2J7EP9IM4UK40XNPDI5NJRCWIKHIT', '2020-12-08 17:17:17', NULL),
(44, 1, '3GFNUPUQASSNBUI5NBXNOBT2PNBQU7VGBB4IZUOTH5ZYEW6LA7M24IJ2XN8HNE6C', '2020-12-08 17:27:47', NULL),
(45, 1, '8ZOQOWTO81OU6DSPZD9IDHI9AXOWDIBSNXCT37NE63RRY768IXHWLBR0QPP0I7K0', '2020-12-08 17:37:32', NULL),
(46, 1, 'I2MVH8E47J6DBYED8HHHU0C43Z6H4EGA5XETKYNKGYT4JG12TWLJ0ZTR0R2SB693', '2020-12-08 17:42:42', NULL),
(47, 1, 'MIN7N4QISV8V9E43ND9RYYNOPJQS6FJ1GYZOOEEY1E5O4OPWEUVCAOCY58SEN8LM', '2020-12-08 17:43:22', NULL),
(48, 1, 'JV2QYD5CLRBZERQC2YWPP4E1OU6FNCDM9BP7HXQY61LNJGZXORJ4CR5PRABEGZZJ', '2020-12-08 17:45:02', NULL),
(49, 1, 'TSHPV5OF67CRBW2WAXEFFUU194W68LAZ803W9VO1P77RIBMZGCFP6AE87QP1JRGV', '2020-12-08 17:46:47', NULL),
(50, 1, 'ZTT6FKQA741ISXOTOK6FG4WNUM7XH2WF8ET1CGBIUT9M55DBI3TATP946FM2M33F', '2020-12-08 17:47:31', NULL),
(51, 1, 'CMSVSD7H129K6DS85FXWRTV814CMO9RXK6Q7IF1H4GV5KLLHXL9EFUUS0U3XBU31', '2020-12-08 17:53:20', NULL),
(52, 1, 'ZYWM9A8483LQJTOF5Y4471191N7YHGKT9385TM1U721753JGRUZFCJF77WVVCKX2', '2020-12-08 17:58:53', NULL),
(53, 1, 'XGME1UUFDVOP9P9JHW6X8V3SZOVWA4VO27KWJOF71XS864D21U3WLVBCM3PM87EI', '2020-12-08 18:01:02', NULL),
(54, 1, 'Y1A5H2TSIIV0CXPT0YZJKB410JZ9E5VNQK5NQGWKFQP1TG4FA6E1542W7IF7DUON', '2020-12-08 18:02:58', NULL),
(55, 1, 'R8JI2LUONS581BJ92N9VNQAGHDR6JC4V3IJQT2AXP98KIFTU9VVYE12B7DBY4XEL', '2020-12-08 18:04:44', NULL),
(56, 1, 'CUQR2YRD01GITO604I8Z8EDGF3SNDA20D5VQTFJR48BAADPQJUDXTB08RJM8FDA0', '2020-12-08 18:10:12', NULL),
(57, 1, '4RJQD9ZEWRNH11MDZM7V0S3PQVNHRGK67KE1IJ5UPI1RKNF6C11GFE8MX4ARWRWP', '2020-12-08 18:11:54', NULL),
(58, 1, 'GX6D4QM51S8YO0TXUYEZ31J2DQQDWRQNQXPHGJAUV5TOZC5BJ7WTLYVOODAO9JJK', '2020-12-08 18:17:48', NULL),
(59, 1, 'LXBF51LQ997TDQKKR9SWM5MDPPWUCSYLDVIGNJDVJGNRXQBBIT8V2I9PK7ZQF1OQ', '2020-12-08 18:24:12', NULL),
(60, 1, 'CZSNVQPRRK4Z0QAUKSFTOOW0AL1R9WPUQAZPGBH9ZF0FBE6LF6BT812XD1MJY8R4', '2020-12-08 18:26:16', NULL),
(61, 1, 'MJH2HI2PXHWVZP2EJNN19M4CQ6HRPBCSX6S66BSJK3IMYTAQ0048QRN9PFLLAL9W', '2020-12-08 18:31:04', NULL),
(62, 3, 'QDIRTFTQL14H85F31VV6TD0ASX1H5VMV4FRQLFBTQ47ZV3HBQ6I2Q6MMNI96OLV0', '2020-12-14 21:51:18', NULL),
(63, 3, 'MM626VNS0OQ1UMOJPXO5CDGLMIDAMB21R2VPDFHNFECJ1M8J0JWMQ71IGVQYSNFY', '2020-12-14 21:53:39', NULL),
(64, 3, '2TTXTAQSDR0BXR1EUKAGJZQW67RE5BA6HDII6YCBF46C01T750W11JIDC71WSMXB', '2020-12-14 21:59:33', NULL),
(65, 3, 'H4LNG4M5L97WZALIML84DLGQ7EKP6IEWYRNPQKVG9ZEA9ZEPK3DIJQ55Y5PCU68D', '2020-12-14 22:02:49', NULL),
(66, 3, 'UTYRBPHXE4M38EKLJZMWHGUE392D41MFTIXFWU2JBTN23M4GVJPP0BMN8TYCWE3M', '2020-12-14 22:04:33', NULL),
(67, 3, 'D0YW25RVENZ131HZNWD619663K6NKVI5KXVRE0S17RCXZ8X8XVC4CK7E423S8EKT', '2020-12-15 08:08:32', NULL),
(68, 1, 'RIDBZ25MBOHU47404HTPPEY1P3GEBGD87YP0VT8HZNPYPQEELOUWM0KMTLV5V1K4', '2020-12-15 08:09:25', NULL),
(69, 1, 'ZDHU02UQZ46NCH590VVW9J05U52UD021CEBLCPTOBH8PTOA45NDMJA5PNLA4AAM9', '2020-12-15 10:35:05', NULL),
(70, 1, 'SPJY985ONFC3H5LS0BIOGRYM3TFA5X0KONWTP69AXEVK4Q2O0CJEBPQB174P24SZ', '2020-12-15 10:36:08', NULL),
(71, 1, 'WJ3JASUDR25NCJCH058ESDRJVVPXLFM2R151IUYEQ3IQ74F9RH835OXS1TYOD72L', '2020-12-15 10:52:25', NULL),
(72, 1, 'QP8I5ZIKTNUP2GR4MMX8SWZQ25H2TZNIZ530RSYNHVKTJI8W5LKPFD84ZRQ9SP04', '2020-12-15 10:53:49', NULL),
(73, 1, 'JK7VYBRLC81H5YA46UT1KK5H4U5O3TPIBBHL16M6MKD3LLF6TKV1KRD9OZ1DFDST', '2020-12-15 10:54:43', NULL),
(74, 1, 'X4SX6Z825PYJR39TB6Y8W4TGE09OZLJO7ARKXBFVT99EGV32DFL9LA33KMTGZTDU', '2020-12-15 10:56:27', NULL),
(75, 1, 'L0JPQM4SR9JZWJ4OQU88ML2PGUG45BJCO6PRGUV8O5G61O7BMIJKQLA984J5GAXP', '2020-12-15 11:04:44', NULL),
(76, 1, 'ISVE00UTR2ZSAMMLVZUO607UMVLVCTX5EVO2DSGDYE5MPK2R0TNX8THRUA1EO8Q8', '2020-12-15 11:11:30', NULL),
(77, 1, 'QIGNCQW19RGCTBQL9D6DOI4V35TH8FB9LQ12Z2S8LM1MKUZDGF8BFC8HOUTG7P33', '2020-12-16 09:12:15', NULL),
(78, 1, '8UAJU0EDIKBULAPL750WG36CC1DC16820CF4FO2QQHFE511VU9RNMNLEY8G3XCLL', '2020-12-16 09:13:58', NULL),
(79, 1, 'VGVFR8OVLDX6EUS4TBBA7U6LN3XJ3DHNRHQ8LY45FDAT4MI5NKCIZX6AKK2XLE1I', '2020-12-16 09:23:48', NULL),
(80, 1, 'K21DU1KGOTMJ9JV3G9BNG3IWDAQKTDF04T16BQL4FPV6ZCXH12PAXTWRTE9TK9XL', '2020-12-16 09:24:34', NULL),
(81, 1, 'XSOMRZFJ6AD5BLKZ4YS8782NIJEJ02BKW6ZOHZDKYLVRKRKHU3W8E91YZAEIU5TE', '2020-12-16 10:54:31', NULL),
(82, 1, 'F7G8LIDXYD9AO6ZOJ5UTX5GVRIU3X3N1999M0KJYBGQXH68EMYCALXEK0VRDYJA4', '2020-12-16 11:02:15', NULL),
(83, 1, 'AGCXKQPP64A9ZYGXB13QOI1UALLCKRZR4IQE0JEVE1NVWOL8BW9AL6E2PRW9FMFP', '2020-12-16 11:03:15', NULL),
(84, 1, 'TM9SDINWL0KMJD0EQB8GNEP0MRL11D5I1U2G9HPGP61ZLZN7MYGL51GO7IGW7V4I', '2020-12-16 11:04:49', NULL),
(85, 1, '3Q4J4MKR14AM5KFA69U1KDYT5FUJ55ES6NIO6EMMIRJQMOHSHDZGXHB02KOZ2BW5', '2020-12-16 11:07:36', NULL),
(86, 1, 'Z3ENZL4I9S1DMB6GR3D1CRELC822PYTQ39WABIHWSHIOKYKKKWDDH8PIY2L1SC2L', '2020-12-16 11:09:31', NULL),
(87, 1, 'SGJWC3Q4Z58SDDQZG31RAQRNDK9L9JXP551SQ6YAOUTFA6GGW8YGFFFBY5S13F5P', '2020-12-16 11:16:29', NULL),
(88, 1, '1MBZVPPYMI6P3BA4CQEEIGABCLIO4YIJEG7OOH08MHJ15JVENYE6KCCUM9XJHB3Y', '2020-12-16 11:19:06', NULL),
(89, 1, 'ODLSOP94KY20C0DQV39NTYJ186MAAHX2DBYL1M1QX54NKG6YP68EA6303TTRD84D', '2020-12-16 11:32:31', NULL),
(90, 1, 'QHEH4IWLRGM7CB4LO8ZSK5TCE7YBD2Z6VWL0A99P00Y1TYVW0SDJ1OTVXBC6TVHY', '2020-12-16 11:36:12', NULL),
(91, 1, 'OSFPAHSBHWE4LHEKIQED0QJKCBRG6JCFLBG1EXL2WOAZ0WUXP1QIAKP7I4M8ZMF7', '2020-12-16 11:37:10', NULL),
(92, 1, 'XNHYUL0RLS8O5K33WO0NHARE87C75E9R1KR197QEM4EL67Q6KR0L9UUX6CZWJ2VH', '2020-12-16 11:38:43', NULL),
(93, 1, 'IPDPJ3QF0PZ5T67A129WU812UU978GRJ86YTSS8QAAMXVRH2SAYCQRNJYL5Z4SHU', '2020-12-16 11:39:34', NULL),
(94, 1, 'YS6RADNE3G4PQQBGR0C22AVHJ2G5PZQYUZOA3BBZ3DSVTMBH7UYEO0TY7YHH7RYE', '2020-12-16 11:50:23', NULL),
(95, 1, 'T5W4YBCABCN3CKRZJ8O0CMCHXTUGCYU8SO18H2YESQI5QT6MFOHZAT9H2OGEQ57M', '2020-12-16 11:55:32', NULL),
(96, 1, 'EU3JM80RN33P2GMJTGCDW16HX1VR9DOO9H3LRLM7J2S3KMGUQP72KQXMXWWUMJRK', '2020-12-16 12:00:58', NULL),
(97, 1, 'B93A2HDT1C9X9KADSD691T230O05MSDH8WOVS4Y02J13DF817MM33LASHAJOQHHJ', '2020-12-16 12:14:07', NULL),
(98, 1, 'EMOLB0CLNQVO7OS4I02M1KH36ZOCE7O8N4ZQKLNT38X7A1KMR8QCUEX4EVPLMAGQ', '2020-12-16 12:16:41', NULL),
(99, 1, '8Q5ZKPMRRG69PJ7FKXHFUWRECANZZX1NOGNXZZMDDGZ7HXAKSZELDLTM81WKBX24', '2020-12-16 12:47:34', NULL),
(100, 1, 'IBGOGHLHMUF6J30BG6K0A90G3WLE2P984UJG4KW64W24MLT1L1QO5JLIL9VU6HO7', '2020-12-16 12:48:03', NULL),
(101, 3, 'G9RBVIIW7VHTTQJVNBVBSTEDX4WS0NZ8AOHLEF4Q6H431LFDESL0JOVX5ON0V06U', '2020-12-16 12:48:35', NULL),
(102, 1, 'PO5Q527NUJCBRDT5RHFEGNRQ3QW0Z7ZYWHESTH8H6ST8WITDVQ81VS1B7OXPGHXX', '2020-12-16 12:53:22', NULL),
(103, 1, '48H5ZG1PQ7NNQTWSAYV5HJBBFH91GK22K184B2PJEK38197YD7VUHCUU7FZRG9JF', '2020-12-16 12:55:32', NULL),
(104, 1, 'EK4LEP2UWS9EH997VYOXZ2R8LAHAKL6P2UNZYNAVEBMV2M7FQYXT1MSL26ADI2JL', '2020-12-18 07:19:47', NULL),
(105, 1, 'H9KF325ZUCPFUNEJYUEZR9KBQ45MYORVNC4HR0T3W1VM06W8FU5C02NIYJZ96SBF', '2020-12-18 07:41:11', NULL),
(106, 1, 'EVXEYQI561GBOO2TQE9Q2975CPKJ8RU637406YCE4OW563NHYNIFYB3EX2CJG87O', '2020-12-18 07:42:46', NULL),
(107, 1, '4HPRBJY784Q6CXOPIE7JXEFL1NTLXZV6C6OO09M2GGYDOSZW7N4X9S60CD0YZNJJ', '2020-12-19 18:04:24', NULL),
(108, 1, 'AQWO0S1B7Z493AB6I2CMTSEA0AKMJX3RNMKOJ0S7ATDS4N0I2SBCYFTRLWYZHO2K', '2020-12-19 18:05:09', NULL),
(109, 1, 'TUMZ1GPWEQQVT17E3HKOH8T2JP1ZPP6NHXZBQ7ZY0M55GFQ2WHMG8NXVBTPLO0HZ', '2020-12-19 18:06:07', NULL),
(110, 1, 'LWJ3JZ2YYYJW63F4G4OFODOHT33O88UZS91ABZPLLCC65RI21QM9Q5SIHBJQ5O00', '2020-12-19 18:13:54', NULL),
(111, 1, '5TFTRWXMK5C68EDNJID87Z3WMWNTWBWM6LGTNC6VDK3JIXQ7D6RK8BNG0SG4IEZI', '2020-12-19 18:19:05', NULL),
(112, 1, 'HLPA1TNK30LR72NYHIBM7QIYFFUFADECH1MI4ACDD7V1JTA2WN314W00D14W8IK0', '2020-12-19 18:20:09', NULL),
(113, 1, '76YAVR6P1W7KZWPDC62RQG9DM07BSB4K67L5J8FWUM36NPGSJTHUDTH17UY5U460', '2020-12-19 18:21:58', NULL),
(114, 1, 'RN1QMMZNKIEB4W2VP5P62MTDXXGFWMUJ9K5TBCR6LYUOAWT1CE0PTCHF4X3YGU08', '2020-12-19 18:27:53', NULL),
(115, 1, 'ML35KJ92TTQ8043LU1NGKW3YKLXIRLQ8BAZFGQIIGR1TDFUI7O8QJ1K0SFU8W1KI', '2020-12-19 18:28:30', NULL),
(116, 1, '1XOC3U1R8OKTZQHQLSFUKX8KF1EMA9GN3P628S4SUYZ5AEFOY4FXYDWDYE7CQOR9', '2020-12-19 18:29:22', NULL),
(117, 1, 'WCK8HGKMA52HQNQILGG4B3AHKZENCDWMXPDSRXO0EDNVTFLW2CLT0SO2CDXSC7J7', '2020-12-19 18:34:03', NULL),
(118, 1, 'RKRA571OJ9DS1J7I8EERGHQ910N111G0VUUOT4VQNFGVH1QXQMPLYXKJ4SJEU9WR', '2020-12-19 18:36:17', NULL),
(119, 1, 'PU0CTDNTHBC3VTC9J533L7CKIKW4CECTW86IP57UT25GOFYC1E6HZ3XRSP3IRSQD', '2020-12-19 18:36:55', NULL),
(120, 1, 'MDQY37RHR19GDZ2N52MZEP4GYG8OG7J0ILQZCPONOSUXCL7AB91VHL06JJAW9DAT', '2020-12-19 18:38:18', NULL),
(121, 1, '6MM6JZ57B1I72WIVEOGO2RITRF277232TEJ3P9Q8B3NLLX0AY6I6H1VPD3PE78AJ', '2020-12-19 18:46:37', NULL),
(122, 1, 'T0ZZF8S4E13KORKQQN4ZPB4T1CYOASIJ1SP1VY7Y84VM96VZJ8G13GTR6G8CJE4V', '2020-12-19 18:56:15', NULL),
(123, 1, 'HRHJ5SJE9RYRHYJB39K8WG7Q58RQ6W10XBEQQZSW5TWAZSASC4XL0ESAT1N6B3HM', '2020-12-20 12:14:07', NULL),
(124, 1, 'UABR052I5M75ZVBJS8QG8V5A8CEJT25OSOC8C8EL0I5SBQGIJRSZFTJ9EBSX0TZC', '2020-12-20 12:16:44', NULL),
(125, 1, '6RJMEX3D948IZ5CUYIV62JD7AUBR7EOYYRSIGYXXWN6GR82KPTPIG2JXOMMUWLG4', '2020-12-20 12:17:35', NULL),
(126, 1, '39FQJI47GBKJXM7DWRBAERDGZRYHB9HWWTEWSF809Q3UA3RGB4I78HKM6812UW5H', '2020-12-20 12:19:50', NULL),
(127, 1, '0821HQNEMOLZTBEW8YY4T8KA4DR2FUSD5L0XDU57OR1MQ9NUX4218ER1X26E9V82', '2020-12-20 12:21:14', NULL),
(128, 1, '2OFICB657M4N8JAEEB8FKOQT41M6IC9VA8IVNE6QH54VM1F0R98QMP0N8VNLZ9W5', '2020-12-20 12:21:57', NULL),
(129, 1, 'RKMDKJHGHM682JOJ1UIF4BB3ZDSPDHOPRVRBZUJAUGSJ3JG2A8R1SA1PJTNH12C9', '2020-12-20 13:06:20', NULL),
(130, 1, '7NO1QMWDDMQZX4BRVPHOK5KXE8YLZH4IM1XZ8I2I1FQL7RB1RPR5DBRCD1XSYLN6', '2020-12-20 13:09:23', NULL),
(131, 1, '2PH433SOTQ9JAVMYJY00UUGK1O41ZIJ284WU1FWFK0053FC7K68YU1GHJ7DP91YK', '2020-12-20 13:17:24', NULL),
(132, 1, '2MM7Q6FJPFAD7B9BLPJL0WJVZP2ZLNRB1YJTG7VLXNPN4FN87NILH58GC1IAEP8B', '2020-12-20 13:27:02', NULL),
(133, 1, '0Y7UVY3JZ2OWOCAWIR7OOGP4PG3CCIG3LK42LMWUFYQA173YAA02PP5TJDFO41HR', '2020-12-20 14:46:34', NULL),
(134, 1, 'KKJ27V8FFX681OEGR8CDD7OUK73TILKX4C1LIQ6C7G2K1A84M0UZUTEM6ZS91P73', '2020-12-20 14:51:01', NULL),
(135, 1, 'EJWJN970YQSV0W8WV65DZCI8P8P53D6DGLSV9BH1KYPSLIUM1TSUQUACAX4OTB6U', '2020-12-20 14:54:11', NULL),
(136, 1, '0T6HPNQTZ75487550T7ZM8KVWU2TNCOYAJTD4TS7RN0GNO1KYW8YV3J1JLV5V7FW', '2020-12-20 14:56:27', NULL),
(137, 1, '6LUD26BUV2KVT6QQM6RQCBLWMQLSVVKX0JS8U6BWLZ83WGBBN4BDHXK5A80MUT99', '2020-12-20 14:56:43', NULL),
(138, 1, 'EOR6N65OKZFE5HK6C51JWCOKMVADKLOB4K0Z6A3R3LVEF74MLMO8EU7BAGU152D9', '2020-12-20 15:56:46', NULL),
(139, 1, '15AWM0KTH9NY85ZBAT5CAADFYNJW7E5VORQ2CV8D33N7T1NWTLI1J0O12579RXVC', '2020-12-20 16:00:32', NULL),
(140, 1, 'Q3960WZAO2X14I0364O8P0OF8SM1UVU5X5HD9D2UVU04BG0ULUNVZJC0O47HJ8Q3', '2020-12-20 16:02:47', NULL),
(141, 1, '88DRT8Y4M9RYWW1Y9303N6EY1CQUNWRM9XIQ5IGL3OI7XAZCBZXSJWQC4P0QSERZ', '2020-12-20 16:05:29', NULL),
(142, 1, '3E5KMT9TC1992JNV7OF592WP3B4ZLX1DIG46SYYDTXJGZI4H65XCPNVBRPRLYKHP', '2020-12-20 16:06:56', NULL),
(143, 1, 'H8POSF35EU6JYBL6BFS2SRJZFASHVQLMLS2E23KJFJRB1TBPZ15TNAHZZZJRXWJY', '2020-12-20 16:45:22', NULL),
(144, 1, 'ZC8CTCAWMEFI75MOYKQUEUXCFC6DALR8SNQZKLT56JD0ZBRD7TTL5KWFO57QF7VB', '2020-12-20 16:49:24', NULL),
(145, 1, 'YNODZ5E2BQXVC2MFGYSR0XLUTDJ4VEGC661H4M65NTS5DXDC16FJU24BB3TVWKG7', '2020-12-20 16:51:52', NULL),
(146, 1, 'U4LS20J12TBFDQONR1CL4BDAA4VI86Y12LNO0K796M9BE3AETUBW2H4S0LS8FA36', '2020-12-20 16:53:24', NULL),
(147, 1, 'DT7O9DRPX0JXB5JVFTY0DPPAFQU8M0R8COO466ZY4QH7IOFMH4G6L0BYD6JTSTD6', '2020-12-20 16:56:35', NULL),
(148, 1, 'MZAH8K9FHX0F118E88931VJO21WNSQ836HG2IF1UN4HZBW0972OXCEE1PWPHYVX1', '2020-12-20 17:05:41', NULL),
(149, 1, '6R8IXM62IPCHKTC1SR78WTO32OBU701DHF8C5O48LHKTWIZSO134ZRENDFQJKL5S', '2020-12-20 18:11:43', NULL),
(150, 1, '90RUYBFLKA0HTYMGAFDYGTVLP17WPKY06Q28VAUA38RS4GGK16LES8UQFGE7DT6A', '2020-12-20 18:33:45', NULL),
(151, 1, 'LMO2V3EH1QTBAYU78WFU9TL9M03RP0DDVSQHM2MQV20GG0VT8OPPV132APQ49X1A', '2020-12-20 18:36:04', NULL),
(152, 1, 'KO301MZQLKYMIJQPS15473PI38KFPH20SK5YGQ8YFXO6KWY5S4NAZ0OR8U63BUAD', '2020-12-20 18:45:46', NULL),
(153, 1, 'VADPQV08FW67FVKSXI35RLW3M7ROZIOKOPJYJCODIJ2NU9X37U577WJKNKCSDLJ6', '2020-12-20 18:48:36', NULL),
(154, 1, 'A59AGVCM8SCUW6B6IRQ819I20IL9F7NRA1B6169F864984JUG37DU1NAWGK7JCHA', '2020-12-20 18:51:06', NULL),
(155, 1, 'E7C5QF5LFWTMNTRN7R3DHGR399GMAXZIWFJ5YVKVULG2B65WKFO9D177QI6Q9SKS', '2020-12-20 18:52:59', NULL),
(156, 1, 'X2EGI15M1OTUP7F8VN3HUZ3XHZL0Y4347ZVO8I9H4JD0B2MBVCGXKAT79R9TPEY7', '2020-12-20 18:55:09', NULL),
(157, 1, 'RYRMUX69NTVWE8FS7XQEODC3RMJKRGASIDTHVIJDECZPAG30PVFHQC6OVY4INWRH', '2020-12-20 18:56:39', NULL),
(158, 1, 'WBKEAE4WGBFLYP0KQDRRI2TP7ZFGDHUTB982QS6MEOYN7OG46267ZSZ3R5HL8XT9', '2020-12-20 18:58:46', NULL),
(159, 1, '4PBVQJ3VSKW9ULQVN1CGNBHMOOBL6EYYCJR6P6HPWMMOHXX3OUKTNV93HYHCIRYO', '2020-12-20 19:00:34', NULL),
(160, 1, 'WPP0G7TR545GJC0YF6ODSAZ2BY0C350BK80LYWCG52QJD4IY7Z03QO4V0WYSHRX9', '2020-12-20 19:06:56', NULL),
(161, 1, 'AHMWFSXIS81VSEVFTDP8BOHJD4YZKOBS3HSSTJK4548TSJ3KQCIX2POWADSK377D', '2020-12-20 19:09:16', NULL),
(162, 1, 'DGCD4C11XZHDXNP7UB224CYU7W8XWYCSDYCPFN8K16Z9IN97CPGQLXWBRRFHDEF8', '2020-12-20 19:10:49', NULL),
(163, 1, '6PJM0A4O47XCNC0Z34L15JXHXLSPOBP8QDYE19F19LXFTSJ7SUAR6R4W1BYPSPA2', '2020-12-20 19:21:01', NULL),
(164, 1, '276AOT7FKHV1WL4DOB7WKPJ1CITA3H9AKE8T5KY8NG39NKI7H3RWTDGMYE8F97MC', '2020-12-20 20:05:54', NULL),
(165, 1, 'JBQRL0341AGWI12CDLS66RT95YZUWX34M2O5Z7ZFTHXHMDW7QE0OF6A1RRVXAJIE', '2020-12-20 20:08:12', NULL),
(166, 1, 'BGD1EKCL6JKNYLZEN4P79Z9XSPNTZKVSVJ769FMK4F1J5IZQVWXZ3X2MHQIY7SVW', '2020-12-20 20:08:45', NULL),
(167, 1, 'AK4X8OHAY326QMWZ9AQUXWV3AR140WLADG6CXPGXQ222DF4TAEZV527OYBWRWMJC', '2020-12-20 20:09:58', NULL),
(168, 1, '5OASXF5CYIZX135P22I39O0H50SLMTI26RZM0IL1IRAA1UMCQNY0Y5QQX3W6XTZF', '2020-12-20 20:10:14', NULL),
(169, 1, 'KUW1MBVDOMJ60RMMH92ZB2997TAIDJ7G6MF7BVGFJ10YJ9HJ5BR8G08SVW32AN9E', '2020-12-20 20:11:42', NULL),
(170, 1, 'Z1VI1Y7GIYMIK74NQYVGYUZADZBJQ9KC8SO0SRBMN06XSG8LE5CH2BGEBUECWX0I', '2020-12-20 20:18:16', NULL),
(171, 1, '60P1P0GO6K2BVINEHMKTYWASJDRBM5HLLOG0QWA4O9DZBVZ32VKU1XRKZ6SMJFCB', '2020-12-20 20:19:15', NULL),
(172, 1, 'A9Q1QS79UVKTWJJO2AR2QGC6RXQUFZGT2F9JJDJYL3TQ7QEI5BBDW8W46UJ2CN44', '2020-12-20 20:20:34', NULL),
(173, 1, 'MXA815WC6FJBN3E0U4N92OQ8L7GCE59BHYRHU5H390TXNU1S4ZJJVQH7HBW3YU8A', '2020-12-20 20:46:51', NULL),
(174, 1, 'YY03J3BQ92EDC4L6S1CKC7RF6XM2TGX4YUWMTLQJLFGXI40ZMBRILK70GV7WRI72', '2020-12-20 20:48:27', NULL),
(175, 1, 'N30M6OGLDXO8XSBW146J1S3XWUHTFISGA6PWUGCLFJD28LM6EDCCAZJ4AC0MGWG4', '2020-12-20 20:49:19', NULL),
(176, 1, 'JRFY851XAFCR7I1HJWLZG2A7KEJ3W9Z2EBZO8C8OQ6ICIBIOI0B8KM5QQHO3W7AB', '2020-12-20 21:23:40', NULL),
(177, 1, 'TK21KYI803M9ZVMPT3FDP6EO4AWYLJZTUFNFAWGRCYF3EE0IBNULBMBXGN6JCTWR', '2020-12-20 21:26:00', NULL),
(178, 1, 'FGJF8DNJLFYKYYDG0BM6ACJ636W8NK70O6WQ50ZY6QG1ZD4A0WTJBR1D7MMCQO5B', '2020-12-20 21:27:21', NULL),
(179, 1, 'BTQVJPXVY4VMPGD0P5FX4HLI3TZKNTE8G8X5OSWV3FQ9DH7EISMYLOC4HH10ZNHF', '2020-12-20 21:29:41', NULL),
(180, 1, 'J8NDK5YU2G586QDXTQC9LFPOG1HIZ69D8ZO8YKOKKRLQ0QFYYTOE6LVDT96TXP56', '2020-12-20 21:33:18', NULL),
(181, 1, 'H2GQ0THFISEXJZVECOFTAWB5S5SLMUNUJNYITOLXAPET9UZYARGKKLIU0K75A53X', '2020-12-20 21:47:48', NULL),
(182, 1, '3ROUKPZU3K2FB8G05OL7PI6PJ2ZCGORUC5O3KTF981KTRVWER5MKAGDVU8KR0WOP', '2020-12-20 21:50:33', NULL),
(183, 1, 'YLBT32ZQ87X2BC9HEX4WJIECW3AW4C359NH27PMWCBHZ9CGABNVF4RXQH96A1DV6', '2020-12-20 21:53:02', NULL),
(184, 1, '6848QC23NGFIRXACYOKKJJK9ZGORR5GP5K13URMFDZGBRGV4TC158W4WY4IJYKLS', '2020-12-20 21:54:18', NULL),
(185, 1, 'QZYMELGZQF0A59BFD11737PHGTH71W6XMODUKMDXFDOO3BOAFJECJKASJQGVDI83', '2020-12-20 21:56:11', NULL),
(186, 1, '7HEZB0ODIFMDLG21GA3DY1C0QP820WJC2T7H5KGU2CT7B68NLG7L0B0FFNIW2VNV', '2020-12-20 21:59:49', NULL),
(187, 1, '1KR0KOBJLV9RC7Z7Q6WAJY8YN7RXLB4ZV29UKVZTU7SW6JI8SNHFVM2DM2NN7O7K', '2020-12-20 22:01:04', NULL);

-- --------------------------------------------------------

--
-- Структура таблицы `users`
--

CREATE TABLE `users` (
  `id_user` int(11) NOT NULL COMMENT 'Идентификатор',
  `id_group` int(11) NOT NULL COMMENT 'Ключ группы',
  `id_employee` int(11) NOT NULL COMMENT 'Ключ сотрудника',
  `user_login` varchar(32) NOT NULL COMMENT 'Имя пользователя',
  `user_email` varchar(64) NOT NULL COMMENT 'Электронная почта',
  `user_password` varchar(32) CHARACTER SET utf8mb4 COLLATE utf8mb4_bin NOT NULL COMMENT 'Пароль'
) ENGINE=InnoDB DEFAULT CHARSET=utf8mb4;

--
-- Дамп данных таблицы `users`
--

INSERT INTO `users` (`id_user`, `id_group`, `id_employee`, `user_login`, `user_email`, `user_password`) VALUES
(1, 6, 1, 'luschilina.aa', 'isip_a.a.luschilina@mpt.ru', '50b7b8f6cc33a252188ae0b6b976dfd2'),
(2, 4, 2, 'someuser.np', 'someuser_np.com', 'f669bf746ec7303fe3c74c57f32c5033'),
(3, 2, 5, 'user2', 'user2', 'b3b8b9e6b8cdefe2c374530a7fe1e333');

-- --------------------------------------------------------

--
-- Дублирующая структура для представления `users_list`
-- (См. Ниже фактическое представление)
--
CREATE TABLE `users_list` (
`Ключ` int(11)
,`Фамилия, инициалы` varchar(38)
,`Группа` varchar(32)
,`Адрес эл. почты` varchar(64)
);

-- --------------------------------------------------------

--
-- Структура таблицы `warehouse`
--

CREATE TABLE `warehouse` (
  `Warehouse_ID` int(11) NOT NULL,
  `Contract_number` varchar(20) DEFAULT NULL,
  `Date_of_delivery` datetime DEFAULT NULL,
  `Quantity_of_product_in_a_cell` int(11) DEFAULT NULL,
  `Supply_ID` int(11) DEFAULT NULL,
  `Cell_ID` int(11) DEFAULT NULL
) ENGINE=MyISAM DEFAULT CHARSET=utf8;

--
-- Дамп данных таблицы `warehouse`
--

INSERT INTO `warehouse` (`Warehouse_ID`, `Contract_number`, `Date_of_delivery`, `Quantity_of_product_in_a_cell`, `Supply_ID`, `Cell_ID`) VALUES
(1, '060520GJJ19283298', '2020-05-06 00:00:00', 12, 1, 1),
(2, '1705738fdhnz', '2020-05-17 00:00:00', 2, 2, 2),
(3, '0605209845883', '2020-05-06 00:00:00', 1, 3, 5),
(4, '0305209847', '2020-05-03 00:00:00', 7, 4, 3);

-- --------------------------------------------------------

--
-- Структура для представления `users_list`
--
DROP TABLE IF EXISTS `users_list`;

CREATE ALGORITHM=UNDEFINED DEFINER=`root`@`localhost` SQL SECURITY DEFINER VIEW `users_list`  AS  select `users`.`id_user` AS `Ключ`,concat(`employees`.`last_name`,' ',substr(`employees`.`first_name`,1,1),'. ',substr(`employees`.`mid_name`,1,1),'.') AS `Фамилия, инициалы`,`groups`.`group_name` AS `Группа`,`users`.`user_email` AS `Адрес эл. почты` from ((`users` join `employees`) join `groups`) where `users`.`id_employee` = `employees`.`id_employee` and `users`.`id_group` = `groups`.`id_groups` ;

--
-- Индексы сохранённых таблиц
--

--
-- Индексы таблицы `actions`
--
ALTER TABLE `actions`
  ADD PRIMARY KEY (`id_action`);

--
-- Индексы таблицы `cell_number`
--
ALTER TABLE `cell_number`
  ADD PRIMARY KEY (`Cell_ID`);

--
-- Индексы таблицы `client`
--
ALTER TABLE `client`
  ADD PRIMARY KEY (`Client_ID`);

--
-- Индексы таблицы `country`
--
ALTER TABLE `country`
  ADD PRIMARY KEY (`Country_ID`);

--
-- Индексы таблицы `defect`
--
ALTER TABLE `defect`
  ADD PRIMARY KEY (`Defect_ID`);

--
-- Индексы таблицы `dolznost`
--
ALTER TABLE `dolznost`
  ADD PRIMARY KEY (`id_dolznost`);

--
-- Индексы таблицы `employees`
--
ALTER TABLE `employees`
  ADD PRIMARY KEY (`id_employee`),
  ADD KEY `id_dolzhnost` (`id_dolznost`);

--
-- Индексы таблицы `groups`
--
ALTER TABLE `groups`
  ADD PRIMARY KEY (`id_groups`);

--
-- Индексы таблицы `logs`
--
ALTER TABLE `logs`
  ADD PRIMARY KEY (`id_log`);

--
-- Индексы таблицы `product_range`
--
ALTER TABLE `product_range`
  ADD PRIMARY KEY (`Product_ID`);

--
-- Индексы таблицы `reset_requests`
--
ALTER TABLE `reset_requests`
  ADD PRIMARY KEY (`id_request`);

--
-- Индексы таблицы `sale`
--
ALTER TABLE `sale`
  ADD PRIMARY KEY (`Sale_ID`);

--
-- Индексы таблицы `spare_part`
--
ALTER TABLE `spare_part`
  ADD PRIMARY KEY (`Spare_part_ID`);

--
-- Индексы таблицы `supplier`
--
ALTER TABLE `supplier`
  ADD PRIMARY KEY (`Supplier_ID`);

--
-- Индексы таблицы `supplier_category`
--
ALTER TABLE `supplier_category`
  ADD PRIMARY KEY (`Supplier_category_ID`);

--
-- Индексы таблицы `supply`
--
ALTER TABLE `supply`
  ADD PRIMARY KEY (`Supply_ID`);

--
-- Индексы таблицы `tokens`
--
ALTER TABLE `tokens`
  ADD PRIMARY KEY (`id_token`);

--
-- Индексы таблицы `users`
--
ALTER TABLE `users`
  ADD PRIMARY KEY (`id_user`),
  ADD KEY `id_group` (`id_group`),
  ADD KEY `id_group_2` (`id_group`),
  ADD KEY `id_employee` (`id_employee`),
  ADD KEY `id_employee_2` (`id_employee`);

--
-- Индексы таблицы `warehouse`
--
ALTER TABLE `warehouse`
  ADD PRIMARY KEY (`Warehouse_ID`);

--
-- AUTO_INCREMENT для сохранённых таблиц
--

--
-- AUTO_INCREMENT для таблицы `actions`
--
ALTER TABLE `actions`
  MODIFY `id_action` int(11) NOT NULL AUTO_INCREMENT COMMENT 'Идентификатор', AUTO_INCREMENT=3;

--
-- AUTO_INCREMENT для таблицы `cell_number`
--
ALTER TABLE `cell_number`
  MODIFY `Cell_ID` int(11) NOT NULL AUTO_INCREMENT, AUTO_INCREMENT=6;

--
-- AUTO_INCREMENT для таблицы `client`
--
ALTER TABLE `client`
  MODIFY `Client_ID` int(11) NOT NULL AUTO_INCREMENT, AUTO_INCREMENT=6;

--
-- AUTO_INCREMENT для таблицы `country`
--
ALTER TABLE `country`
  MODIFY `Country_ID` int(11) NOT NULL AUTO_INCREMENT, AUTO_INCREMENT=5;

--
-- AUTO_INCREMENT для таблицы `defect`
--
ALTER TABLE `defect`
  MODIFY `Defect_ID` int(11) NOT NULL AUTO_INCREMENT, AUTO_INCREMENT=5;

--
-- AUTO_INCREMENT для таблицы `dolznost`
--
ALTER TABLE `dolznost`
  MODIFY `id_dolznost` int(11) NOT NULL AUTO_INCREMENT, AUTO_INCREMENT=5;

--
-- AUTO_INCREMENT для таблицы `employees`
--
ALTER TABLE `employees`
  MODIFY `id_employee` int(11) NOT NULL AUTO_INCREMENT COMMENT 'идентификатор', AUTO_INCREMENT=7;

--
-- AUTO_INCREMENT для таблицы `groups`
--
ALTER TABLE `groups`
  MODIFY `id_groups` int(11) NOT NULL AUTO_INCREMENT COMMENT 'идентификатор', AUTO_INCREMENT=12;

--
-- AUTO_INCREMENT для таблицы `logs`
--
ALTER TABLE `logs`
  MODIFY `id_log` int(11) NOT NULL AUTO_INCREMENT COMMENT 'Идентификатор', AUTO_INCREMENT=188;

--
-- AUTO_INCREMENT для таблицы `product_range`
--
ALTER TABLE `product_range`
  MODIFY `Product_ID` int(11) NOT NULL AUTO_INCREMENT, AUTO_INCREMENT=5;

--
-- AUTO_INCREMENT для таблицы `reset_requests`
--
ALTER TABLE `reset_requests`
  MODIFY `id_request` int(11) NOT NULL AUTO_INCREMENT COMMENT 'Идентификатор', AUTO_INCREMENT=15;

--
-- AUTO_INCREMENT для таблицы `sale`
--
ALTER TABLE `sale`
  MODIFY `Sale_ID` int(11) NOT NULL AUTO_INCREMENT, AUTO_INCREMENT=6;

--
-- AUTO_INCREMENT для таблицы `spare_part`
--
ALTER TABLE `spare_part`
  MODIFY `Spare_part_ID` int(11) NOT NULL AUTO_INCREMENT, AUTO_INCREMENT=5;

--
-- AUTO_INCREMENT для таблицы `supplier`
--
ALTER TABLE `supplier`
  MODIFY `Supplier_ID` int(11) NOT NULL AUTO_INCREMENT, AUTO_INCREMENT=6;

--
-- AUTO_INCREMENT для таблицы `supplier_category`
--
ALTER TABLE `supplier_category`
  MODIFY `Supplier_category_ID` int(11) NOT NULL AUTO_INCREMENT, AUTO_INCREMENT=5;

--
-- AUTO_INCREMENT для таблицы `supply`
--
ALTER TABLE `supply`
  MODIFY `Supply_ID` int(11) NOT NULL AUTO_INCREMENT, AUTO_INCREMENT=6;

--
-- AUTO_INCREMENT для таблицы `tokens`
--
ALTER TABLE `tokens`
  MODIFY `id_token` int(11) NOT NULL AUTO_INCREMENT COMMENT 'Идентификатор', AUTO_INCREMENT=188;

--
-- AUTO_INCREMENT для таблицы `users`
--
ALTER TABLE `users`
  MODIFY `id_user` int(11) NOT NULL AUTO_INCREMENT COMMENT 'Идентификатор', AUTO_INCREMENT=12;

--
-- AUTO_INCREMENT для таблицы `warehouse`
--
ALTER TABLE `warehouse`
  MODIFY `Warehouse_ID` int(11) NOT NULL AUTO_INCREMENT, AUTO_INCREMENT=5;

--
-- Ограничения внешнего ключа сохраненных таблиц
--

--
-- Ограничения внешнего ключа таблицы `users`
--
ALTER TABLE `users`
  ADD CONSTRAINT `users_ibfk_1` FOREIGN KEY (`id_group`) REFERENCES `groups` (`id_groups`);
COMMIT;

/*!40101 SET CHARACTER_SET_CLIENT=@OLD_CHARACTER_SET_CLIENT */;
/*!40101 SET CHARACTER_SET_RESULTS=@OLD_CHARACTER_SET_RESULTS */;
/*!40101 SET COLLATION_CONNECTION=@OLD_COLLATION_CONNECTION */;
